{"_type":"export","__export_format":4,"__export_date":"2024-05-20T23:59:54.511Z","__export_source":"insomnia.desktop.app:v9.2.0","resources":[{"_id":"req_f2e602d1bb764c588228ac46054540f3","parentId":"wrk_a4187eecfac2468284fd54bb47e75578","modified":1716239719312,"created":1716144660473,"url":"localhost:80/categorias/2","name":"/categorias/:id","description":"","method":"GET","body":{},"preRequestScript":"","parameters":[],"headers":[{"name":"User-Agent","value":"insomnia/9.2.0"}],"authentication":{},"metaSortKey":-1716144660473,"isPrivate":false,"pathParameters":[],"settingStoreCookies":true,"settingSendCookies":true,"settingDisableRenderRequestBody":false,"settingEncodeUrl":true,"settingRebuildPath":true,"settingFollowRedirects":"global","_type":"request"},{"_id":"wrk_a4187eecfac2468284fd54bb47e75578","parentId":null,"modified":1716167207847,"created":1716134046478,"name":"PROJETOHELIO","description":"","scope":"collection","_type":"workspace"},{"_id":"req_ad63c2cbb4714dd384fd0acd3212955a","parentId":"wrk_a4187eecfac2468284fd54bb47e75578","modified":1716144753632,"created":1716144658305,"url":"localhost:80/categorias/","name":"/categorias","description":"","method":"GET","body":{},"preRequestScript":"","parameters":[],"headers":[{"name":"User-Agent","value":"insomnia/9.2.0"}],"authentication":{},"metaSortKey":-1716144658305,"isPrivate":false,"pathParameters":[],"settingStoreCookies":true,"settingSendCookies":true,"settingDisableRenderRequestBody":false,"settingEncodeUrl":true,"settingRebuildPath":true,"settingFollowRedirects":"global","_type":"request"},{"_id":"req_56b289aa71734110919f2dd9c2cebe82","parentId":"wrk_a4187eecfac2468284fd54bb47e75578","modified":1716145148567,"created":1716144645191,"url":"localhost:80/categorias/","name":"/categorias","description":"","method":"POST","body":{"mimeType":"application/json","text":"{\n\t\"categoria\":{\n\t\t\"idCategoria\": 4,\n\t\t\"nomeCategoria\": \"datainha online\"\n\t\t}\n}"},"preRequestScript":"","parameters":[],"headers":[{"name":"Content-Type","value":"application/json"},{"name":"User-Agent","value":"insomnia/9.2.0"}],"authentication":{},"metaSortKey":-1716144645191,"isPrivate":false,"pathParameters":[],"settingStoreCookies":true,"settingSendCookies":true,"settingDisableRenderRequestBody":false,"settingEncodeUrl":true,"settingRebuildPath":true,"settingFollowRedirects":"global","_type":"request"},{"_id":"req_ba3b469f82da490cbc9ffeb32d1fe858","parentId":"wrk_a4187eecfac2468284fd54bb47e75578","modified":1716145345750,"created":1716144626933,"url":"localhost:80/categorias/5","name":"/categoria/:id","description":"","method":"PUT","body":{"mimeType":"application/json","text":"{\n\t\"categoria\":{\n\t\t\"idCategoria\": 1,\n\t\t\"nomeCategoria\": \"Jantas Romantico \"\n\t\t}\n}"},"preRequestScript":"","parameters":[],"headers":[{"name":"Content-Type","value":"application/json"},{"name":"User-Agent","value":"insomnia/9.2.0"}],"authentication":{},"metaSortKey":-1716144626933,"isPrivate":false,"pathParameters":[],"settingStoreCookies":true,"settingSendCookies":true,"settingDisableRenderRequestBody":false,"settingEncodeUrl":true,"settingRebuildPath":true,"settingFollowRedirects":"global","_type":"request"},{"_id":"req_5b02775fdd594dd4b841b1d31d2df7aa","parentId":"wrk_a4187eecfac2468284fd54bb47e75578","modified":1716145319261,"created":1716144558329,"url":"localhost:80/categorias/6","name":"/categorias/:id","description":"","method":"DELETE","body":{},"preRequestScript":"","parameters":[],"headers":[{"name":"User-Agent","value":"insomnia/9.2.0"}],"authentication":{},"metaSortKey":-1716144558329,"isPrivate":false,"pathParameters":[],"settingStoreCookies":true,"settingSendCookies":true,"settingDisableRenderRequestBody":false,"settingEncodeUrl":true,"settingRebuildPath":true,"settingFollowRedirects":"global","_type":"request"},{"_id":"req_21894705c53f4e668a5a29a44d84b862","parentId":"wrk_a4187eecfac2468284fd54bb47e75578","modified":1716145176198,"created":1716144542913,"url":"localhost:80/usuarios/6","name":"/usuarios/:id","description":"","method":"DELETE","body":{},"preRequestScript":"","parameters":[],"headers":[{"name":"User-Agent","value":"insomnia/9.2.0"}],"authentication":{},"metaSortKey":-1716144542913,"isPrivate":false,"pathParameters":[],"settingStoreCookies":true,"settingSendCookies":true,"settingDisableRenderRequestBody":false,"settingEncodeUrl":true,"settingRebuildPath":true,"settingFollowRedirects":"global","_type":"request"},{"_id":"req_e02b6c79a29f4730be31662a1420f15c","parentId":"wrk_a4187eecfac2468284fd54bb47e75578","modified":1716244245464,"created":1716144499314,"url":"localhost:80/usuarios","name":"/usuarios","description":"","method":"POST","body":{"mimeType":"application/json","text":"{\n\t\"usuario\":{\n\t\"nomeUsuario\": \"joazin\",\n\t\"dataDate\": \"010110/06/2024\",\n\t\"categoriaDate\": \"jantar\",\n\t\"localizacaoDate\":\"sao Paulo\",\n\t\"Categoria_idCategoria\": 1\n\t}\n}"},"preRequestScript":"","parameters":[],"headers":[{"name":"Content-Type","value":"application/json"},{"name":"User-Agent","value":"insomnia/9.2.0"}],"authentication":{},"metaSortKey":-1716144499314,"isPrivate":false,"pathParameters":[],"settingStoreCookies":true,"settingSendCookies":true,"settingDisableRenderRequestBody":false,"settingEncodeUrl":true,"settingRebuildPath":true,"settingFollowRedirects":"global","_type":"request"},{"_id":"req_f7ba072b7d524408a6354b8622db25de","parentId":"wrk_a4187eecfac2468284fd54bb47e75578","modified":1716169173893,"created":1716144477410,"url":"localhost:80/usuarios","name":"/usuarios","description":"","method":"GET","body":{},"preRequestScript":"","parameters":[],"headers":[{"name":"User-Agent","value":"insomnia/9.2.0"}],"authentication":{},"metaSortKey":-1716144449297.5,"isPrivate":false,"pathParameters":[],"settingStoreCookies":true,"settingSendCookies":true,"settingDisableRenderRequestBody":false,"settingEncodeUrl":true,"settingRebuildPath":true,"settingFollowRedirects":"global","_type":"request"},{"_id":"req_bb478930a3344971a995bcaa1736bae8","parentId":"wrk_a4187eecfac2468284fd54bb47e75578","modified":1716243335920,"created":1716144421185,"url":"localhost:80/usuarios/9","name":"/usuarios/:id","description":"","method":"GET","body":{},"preRequestScript":"","parameters":[],"headers":[{"name":"User-Agent","value":"insomnia/9.2.0"}],"authentication":{},"metaSortKey":-1716144421185,"isPrivate":false,"pathParameters":[],"settingStoreCookies":true,"settingSendCookies":true,"settingDisableRenderRequestBody":false,"settingEncodeUrl":true,"settingRebuildPath":true,"settingFollowRedirects":"global","_type":"request"},{"_id":"req_81ae960064ba4f44ab2285a0af4c26be","parentId":"wrk_a4187eecfac2468284fd54bb47e75578","modified":1716244353820,"created":1715886312456,"url":"localhost:80/usuarios/9","name":"/usuarios/:id","description":"","method":"PUT","body":{"mimeType":"application/json","text":"{\n\t\"usuario\":{\n\t\"nomeUsuario\": \"luaana\",\n\t\"categoriaDate\": \"jantar\",\n\t\"dataDate\": \"2010/06/2024\",\n\t\"localizacaoDate\":\"sao Paulo\",\n\t\"Categoria_idCategoria\": 1\n\t}\n}"},"preRequestScript":"","parameters":[],"headers":[{"name":"Content-Type","value":"application/json"},{"name":"User-Agent","value":"insomnia/2023.5.8"}],"authentication":{},"metaSortKey":-1715886312456,"isPrivate":false,"pathParameters":[],"settingStoreCookies":true,"settingSendCookies":true,"settingDisableRenderRequestBody":false,"settingEncodeUrl":true,"settingRebuildPath":true,"settingFollowRedirects":"global","_type":"request"},{"_id":"env_596f135170f247f39bf2ab0a1d1aac3a","parentId":"wrk_a4187eecfac2468284fd54bb47e75578","modified":1695322465095,"created":1695322465095,"name":"Base Environment","data":{},"dataPropertyOrder":null,"color":null,"isPrivate":false,"metaSortKey":1695322465095,"_type":"environment"},{"_id":"jar_c23e14225b2c4bed9d0138fbb5891f82","parentId":"wrk_a4187eecfac2468284fd54bb47e75578","modified":1695322465097,"created":1695322465097,"name":"Default Jar","cookies":[],"_type":"cookie_jar"}]}